{
    "info": {
      "_postman_id": "your-unique-id",
      "name": "Sensor API Collection",
      "schema": "https://schema.getpostman.com/json/collection/v2.1.0/collection.json"
    },
    "item": [
      {
        "name": "PUT /config/mode",
        "request": {
          "method": "PUT",
          "header": [],
          "body": {
            "mode": "raw",
            "raw": "active"
          },
          "url": {
            "raw": "{{base_url}}/config/mode",
            "host": ["{{base_url}}"],
            "path": ["config", "mode"]
          }
        }
      },
      {
        "name": "PUT /config/cbuffsize",
        "request": {
          "method": "PUT",
          "header": [],
          "body": {
            "mode": "raw",
            "raw": "12"
          },
          "url": {
            "raw": "{{base_url}}/config/cbuffsize",
            "host": ["{{base_url}}"],
            "path": ["config", "cbuffsize"]
          }
        }
      },
      {
        "name": "DELETE /sensors/1",
        "request": {
          "method": "DELETE",
          "header": [],
          "url": {
            "raw": "{{base_url}}/sensors/1",
            "host": ["{{base_url}}"],
            "path": ["sensors", "1"]
          }
        }
      },
      {
        "name": "DELETE /sensors/2",
        "request": {
          "method": "DELETE",
          "header": [],
          "url": {
            "raw": "{{base_url}}/sensors/2",
            "host": ["{{base_url}}"],
            "path": ["sensors", "2"]
          }
        }
      },
      {
        "name": "POST /sensors/1",
        "request": {
          "method": "POST",
          "header": [],
          "body": {
            "mode": "raw",
            "raw": "25"
          },
          "url": {
            "raw": "{{base_url}}/sensors/1",
            "host": ["{{base_url}}"],
            "path": ["sensors", "1"]
          }
        }
      },
      {
        "name": "POST /sensors/2",
        "request": {
          "method": "POST",
          "header": [],
          "body": {
            "mode": "raw",
            "raw": "30"
          },
          "url": {
            "raw": "{{base_url}}/sensors/2",
            "host": ["{{base_url}}"],
            "path": ["sensors", "2"]
          }
        }
      },
      {
        "name": "GET /sensors/1/avg",
        "request": {
          "method": "GET",
          "header": [],
          "url": {
            "raw": "{{base_url}}/sensors/1/avg",
            "host": ["{{base_url}}"],
            "path": ["sensors", "1", "avg"]
          }
        }
      },
      {
        "name": "GET /sensors/2/avg",
        "request": {
          "method": "GET",
          "header": [],
          "url": {
            "raw": "{{base_url}}/sensors/2/avg",
            "host": ["{{base_url}}"],
            "path": ["sensors", "2", "avg"]
          }
        }
      },
      {
        "name": "GET /sensors/1/stdev",
        "request": {
          "method": "GET",
          "header": [],
          "url": {
            "raw": "{{base_url}}/sensors/1/stdev",
            "host": ["{{base_url}}"],
            "path": ["sensors", "1", "stdev"]
          }
        }
      },
      {
        "name": "GET /sensors/2/stdev",
        "request": {
          "method": "GET",
          "header": [],
          "url": {
            "raw": "{{base_url}}/sensors/2/stdev",
            "host": ["{{base_url}}"],
            "path": ["sensors", "2", "stdev"]
          }
        }
      },
      {
        "name": "GET /sensors/1/actual",
        "request": {
          "method": "GET",
          "header": [],
          "url": {
            "raw": "{{base_url}}/sensors/1/actual",
            "host": ["{{base_url}}"],
            "path": ["sensors", "1", "actual"]
          }
        }
      },
      {
        "name": "GET /sensors/2/actual",
        "request": {
          "method": "GET",
          "header": [],
          "url": {
            "raw": "{{base_url}}/sensors/2/actual",
            "host": ["{{base_url}}"],
            "path": ["sensors", "2", "actual"]
          }
        }
      }
    ]
  }