{
  "repository": {
    "type": "git",
    "url": "https://github.com/rweather/arduinolibs.git"
  },
  "description": "Arduino CryptoLibs - All cryptographic algorithms have been optimized for 8-bit Arduino platforms like the Uno",
  "platforms": [
    "*"
  ],
  "frameworks": [
    "arduino"
  ],
  "keywords": [
    "aes128",
    "aes192",
    "aes256",
    "speck",
    "ctr",
    "cfb",
    "cbc",
    "ofb",
    "eax",
    "gcm",
    "hkdf",
    "xts",
    "chacha",
    "chachapoly",
    "sha224",
    "sha256",
    "sha384",
    "sha512",
    "sha3-256",
    "sha3-512",
    "blake2s",
    "blake2b",
    "shake128",
    "shake256",
    "poly1305",
    "ghash",
    "omac",
    "curve25519",
    "ed25519",
    "p521",
    "rng",
    "noise"
  ],
  "version": "0.4.0",
  "export": {},
  "name": "Crypto",
  "authors": [
    {
      "email": "rhys.weatherley@gmail.com",
      "url": "https://rweather.github.io/arduinolibs/crypto.html",
      "name": "Rhys Weatherley"
    }
  ]
}